[{
  "_id": {
    "$oid": "66d0d11841fc53edd8cfb5fb"
  },
  "id": "cubesat_builder",
  "title": {
    "en": "CubeSat Builder: Build a NASA Spacecraft!",
    "ar": "CubeSat Builder: صمّم وأطلق قمرًا صناعيًا!"
  },
  "description": {
    "en": "Learn how to design and build a CubeSat spacecraft in this interactive NASA simulation game.",
    "ar": "تعلّم كيفية تصميم وبناء مركبة CubeSat الفضائية في هذه اللعبة التفاعلية من ناسا."
  },
  "image": "https://climatekids.nasa.gov/cubesat-builder-game/cubesat-builder-gamebox.jpg",
  "source": "https://climatekids.nasa.gov/cubesat-builder-game/"
},
{
  "_id": {
    "$oid": "66d0d19b41fc53edd8cfb5fc"
  },
  "id": "cubesat_builder",
  "title": {
    "en": "Gravity and Orbits",
    "ar": "الجاذبية والمدارات"
  },
  "description": {
    "en": "Explore the relationship between gravity and orbits in this interactive simulation.",
    "ar": "استكشاف العلاقة بين الجاذبية والمدارات في هذه المحاكاة التفاعلية."
  },
  "image": "https://res.cloudinary.com/dwg9hjzok/image/upload/v1738136662/simulation_vnybxt.png",
  "source": "https://phet.colorado.edu/sims/html/gravity-and-orbits/latest/gravity-and-orbits_all.html"
},
{
  "_id": {
    "$oid": "66d0d1e241fc53edd8cfb5fd"
  },
  "id": "cubesat_builder",
  "title": {
    "en": "Relay: A Laser-Based Space Communications Game",
    "ar": "ريلاي: لعبة الاتصالات الفضائية بالليزر!"
  },
  "description": {
    "en": "Learn about laser-based space communication by playing this interactive NASA game designed for kids.",
    "ar": "تعلّم عن الاتصالات الفضائية باستخدام الليزر من خلال هذه اللعبة التفاعلية التي تقدمها ناسا للأطفال."
  },
  "image": "https://res.cloudinary.com/dwg9hjzok/image/upload/v1738137393/relay_iniqpg.png",
  "source": "https://spaceplace.nasa.gov/relay-laser-communications-game/en/"
},
{
  "_id": {
    "$oid": "66d0d24241fc53edd8cfb5fe"
  },
  "id": "cubesat_builder",
  "title": {
    "en": "DSN Uplink-Downlink Game",
    "ar": "لعبة DSN Uplink-Downlink"
  },
  "description": {
    "en": "Discover how NASA communicates with spacecraft using the Deep Space Network in this interactive game.",
    "ar": "تعرف على كيفية تواصل ناسا مع المركبات الفضائية باستخدام شبكة الفضاء العميق في هذه اللعبة التفاعلية."
  },
  "image": "https://spaceplace.nasa.gov/review/dsn-game/dsn_map.en.png",
  "source": "https://spaceplace.nasa.gov/dsn-game/en/"
},
{
  "_id": {
    "$oid": "66d0d28a41fc53edd8cfb5ff"
  },
  "id": "cubesat_builder",
  "title": {
    "en": "Explore Mars: A Mars Rover Game",
    "ar": "مغامرة على المريخ: لعبة الروفر الفضائية"
  },
  "description": {
    "en": "Drive a Mars rover and explore the Martian surface in this interactive game from NASA.",
    "ar": "قم بقيادة مركبة مريخية واستكشاف سطح المريخ في هذه اللعبة التفاعلية من ناسا."
  },
  "image": "https://res.cloudinary.com/dwg9hjzok/image/upload/v1738143983/game_qjh8jb.png",
  "source": "https://spaceplace.nasa.gov/explore-mars/en/"
},
{
  "_id": {
    "$oid": "66d1d7903eda58b00b9c4d70"
  },
  "id": "string",
  "title": {
    "en": "Simulation: Gases ",
    "ar": "محاكاة: الغازات"
  },
  "description": {
    "en": "Explore the properties of gases through interactive simulations. Understand concepts like pressure, volume, and temperature as you manipulate gas particles and observe their behavior in various conditions.",
    "ar": "استكشف خصائص الغازات من خلال المحاكاة التفاعلية التى تمكنك من فهم مفاهيم مثل الضغط والحجم ودرجة الحرارة، وبتغير حركة جزيئات الغاز ومراقبة سلوكها في ظروف مختلفة."
  },
  "image": "https://res.cloudinary.com/dwg9hjzok/image/upload/v1735206196/Screenshot_2024-12-26_114248_kh1jtd.png",
  "source": "https://phet.colorado.edu/sims/html/gases-intro/latest/gases-intro_all.html"
},
{
  "_id": {
    "$oid": "66d1e3fd3eda58b00b9c4d73"
  },
  "id": "string",
  "title": {
    "en": "Simulation: Continuity Equation",
    "ar": "محاكاة: معادلة الاستمرارية"
  },
  "description": {
    "en": "Dive into the Continuity Equation to understand how it governs fluid flow. Explore its applications in predicting changes in flow speed and cross-sectional area, and see how it applies to various fluid dynamics scenarios.",
    "ar": "استكشف بعمق معادلة الاستمرارية لتفهم كيف تتحكم في تدفق السوائل، تعرّف على تطبيقاتها في توقع تغيرات سرعة التدفق ومساحة المقطع العرضي، واكتشف كيف تنطبق على سيناريوهات متنوعة في ديناميكا السوائل."
  },
  "image": "https://res.cloudinary.com/dwg9hjzok/image/upload/v1735225654/Screenshot_2024-12-26_170527_a2yedq.png",
  "source": "https://www.physicsclassroom.com/Physics-Interactives/Fluids/Continuity-Equation"
},
{
  "_id": {
    "$oid": "66d1e4413eda58b00b9c4d74"
  },
  "id": "string",
  "title": {
    "en": "Simulation: Bernoulli's Equation ",
    "ar": "محاكاة: معادلة برنولي"
  },
  "description": {
    "en": "Interact with a simulation of Bernoulli's Equation to see how fluid velocity and pressure are related. Experiment with different flow conditions to understand how changes in velocity affect pressure and vice versa.",
    "ar": "تفاعل مع محاكاة لمعادلة برنولي لرؤية كيفية ارتباط سرعة السوائل والضغط. جرب ظروف تدفق مختلفة لفهم كيفية تأثير التغيرات في السرعة على الضغط والعكس صحيح."
  },
  "image": "https://res.cloudinary.com/dwg9hjzok/image/upload/v1735225919/Screenshot_2024-12-26_171139_qbvgzr.png",
  "source": "https://www.physicsclassroom.com/Physics-Interactives/Fluids/Bernoullis-Equation"
},
{
  "_id": {
    "$oid": "66d229924e869223d4f234bc"
  },
  "id": "string",
  "title": {
    "en": "Density Simulation",
    "ar": "محاكاة الكثافة"
  },
  "description": {
    "en": "Explore the concept of density through an interactive simulation. Learn how mass and volume determine the density of a substance, and experiment with different materials to observe how changes in these properties affect density.",
    "ar": "استكشف مفهوم الكثافة من خلال محاكاة تفاعلية. تعلم كيف تحدد الكتلة والحجم كثافة المادة، وجرب مواد مختلفة لملاحظة كيفية تأثير التغيرات في هذه الخصائص على الكثافة."
  },
  "image": "https://drive.google.com/thumbnail?id=1bLGCPSWHiBsWf91wEfrlTcEImZPOs8MD",
  "source": "https://phet.colorado.edu/sims/html/density/latest/density_all.html"
},
{
  "_id": {
    "$oid": "66d3975ff6fb98d8098e5015"
  },
  "id": "atmospheric_gasses_001",
  "title": {
    "en": "Atmospheric Gasses",
    "ar": "الغازات الجوية"
  },
  "description": {
    "en": "Explore the composition and properties of atmospheric gasses, including their roles and effects on climate and weather patterns.",
    "ar": "استكشف تركيبة وخصائص الغازات الجوية، بما في ذلك أدوارها وتأثيراتها على المناخ وأنماط الطقس."
  },
  "image": "https://drive.google.com/thumbnail?id=1Lh8WUTDNKii3WtNiaGNoYdbBHyLt0fYL",
  "source": "https://javalab.org/en/atmosphere_en/"
},
{
  "_id": {
    "$oid": "66d39821f6fb98d8098e5017"
  },
  "id": "atmospheric_gasses_001",
  "title": {
    "en": "AtmosModeler",
    "ar": "نموذج الغلاف الجوي"
  },
  "description": {
    "en": "AtmosModeler allows users to simulate and analyze atmospheric gas compositions and their impact on climate models.",
    "ar": "يتيح AtmosModeler للمستخدمين محاكاة وتحليل تكوينات الغازات الجوية وتأثيرها على نماذج المناخ."
  },
  "image": "https://drive.google.com/thumbnail?id=1xYu6XeuXkY4EsHotRCXxMfCfqVpUdNGD",
  "source": "https://www1.grc.nasa.gov/beginners-guide-to-aeronautics/atmos/"
},
{
  "_id": {
    "$oid": "66d39869f6fb98d8098e5018"
  },
  "id": "atmospheric_gasses_001",
  "title": {
    "en": "Space Elevator",
    "ar": "مصعد الفضاء"
  },
  "description": {
    "en": "Simulate the design and mechanics of a space elevator, exploring its potential to revolutionize space travel and transport.",
    "ar": "محاكاة تصميم وآلية مصعد الفضاء، واستكشاف إمكانيته في إحداث ثورة في السفر إلى الفضاء والنقل."
  },
  "image": "https://drive.google.com/thumbnail?id=1Lh8WUTDNKii3WtNiaGNoYdbBHyLt0fYL",
  "source": "https://neal.fun/space-elevator/"
},
{
  "_id": {
    "$oid": "67977a8dce1cae45f2184879"
  },
  "id": null,
  "title": {
    "en": "Simulation: Balancing Act",
    "ar": "محاكاة: Balancing Act"
  },
  "description": {
    "en": "Play around with the balancing act then try to balance the game correctly.",
    "ar": "جرب اللعب قليلا مع لعبة التوازن وحاول وزن الأجسام بشكل صحيح."
  },
  "image": "https://res.cloudinary.com/dwg9hjzok/image/upload/v1737980549/Balancing_Act_screenshot_nqbyji.png",
  "source": "https://phet.colorado.edu/sims/html/balancing-act/latest/balancing-act_en.html"
},
{
  "_id": {
    "$oid": "67977f25ce1cae45f218487a"
  },
  "id": null,
  "title": {
    "en": "Activity: Paper Airplanes",
    "ar": "نشاط: طائرات ورقية"
  },
  "description": {
    "en": "Make multiple paper airplanes with different geometry configurations and compare their performance in terms of range, airtime, speed, and maneuverability.",
    "ar": "اصنع طائرات ورقية متعددة بتكوينات هندسية مختلفة وقارن بيم أدائهم من حيث المدى ووقت الطيران والسرعة والقدرة على المناورة."
  },
  "image": "https://res.cloudinary.com/dwg9hjzok/image/upload/c_pad,b_gen_fill,ar_4:3/v1737981511/paper_airplane_qpiwnh.png",
  "source": "https://www.paperairplaneshq.com/"
},
{
  "_id": {
    "$oid": "6797eb03ce1cae45f218487c"
  },
  "id": null,
  "title": {
    "en": "Activity: Paper Airplanes - Different Wings",
    "ar": "نشاط: طائرات ورقية - أحنجة مختلفة"
  },
  "description": {
    "en": "Make multiple paper airplanes with different wing configurations (like those in the image below), and compare their performance in terms of range, airtime, speed, and maneuverability.",
    "ar": "اصنع طائرات ورقية متعددة بتكوينات مختلفة للأجنحة (مثل تلك التصميمات المختارة في الصورة بالأسفل)، وقارن بين أدائهم من حيث المدى ووقت الطيران والسرعة والقدرة على المناورة."
  },
  "image": "https://res.cloudinary.com/dwg9hjzok/image/upload/v1738009104/wings_wq9l3b.png",
  "source": "https://www.paperairplaneshq.com/"
},
{
  "_id": {
    "$oid": "6797ec70ce1cae45f218487d"
  },
  "id": null,
  "title": {
    "en": "Activity: Paper Airplanes - Different Tails",
    "ar": "نشاط: طائرات ورقية - ذيول مختلفة"
  },
  "description": {
    "en": "Make multiple paper airplanes with different tail configurations (like those in the image below), and compare their performance in terms of range, airtime, speed, and maneuverability.",
    "ar": "اصنع طائرات ورقية متعددة بتكوينات مختلفة للذيل (مثل تلك التصميمات المختارة في الصورة بالأسفل)، وقارن بين أدائهم من حيث المدى ووقت الطيران والسرعة والقدرة على المناورة."
  },
  "image": "https://res.cloudinary.com/dwg9hjzok/image/upload/v1738009103/tails_knoamx.png",
  "source": "https://www.paperairplaneshq.com/"
},
{
  "_id": {
    "$oid": "6797ececce1cae45f218487e"
  },
  "id": null,
  "title": {
    "en": "Activity: Paper Airplanes - Different Tails",
    "ar": "نشاط: طائرات ورقية - ذيول مختلفة"
  },
  "description": {
    "en": "Make multiple paper airplanes with different tail configurations (like those in the image below), and compare their performance in terms of range, airtime, speed, and maneuverability.",
    "ar": "اصنع طائرات ورقية متعددة بتكوينات مختلفة للذيل (مثل تلك التصميمات المختارة في الصورة بالأسفل)، وقارن بين أدائهم من حيث المدى ووقت الطيران والسرعة والقدرة على المناورة."
  },
  "image": "https://res.cloudinary.com/dwg9hjzok/image/upload/v1738009103/tails_knoamx.png",
  "source": "https://www.paperairplaneshq.com/"
},
{
  "_id": {
    "$oid": "6797ef11ce1cae45f218487f"
  },
  "id": null,
  "title": {
    "en": "Activity 1: Paper Spinner",
    "ar": "نشاط 1: الدوّار الورقي"
  },
  "description": {
    "en": "Make the Spinner paper airplane to understand the rotary flying mechanism like helicopters.",
    "ar": "اصنع الطائرة الورقية الدوّارة لفهم آلية الطيران الدوّارة مثل آلية طيران طائرات الهليكوبتر."
  },
  "image": "https://www.10paperairplanes.com/images/602-paper-helocoptor-plans.jpg",
  "source": "https://www.10paperairplanes.com/how-to-make-paper-airplanes/05-the-spinster.html"
},
{
  "_id": {
    "$oid": "6797f190ce1cae45f2184880"
  },
  "id": null,
  "title": {
    "en": "Avtivity 2: Electric Helicopter Model",
    "ar": "نشاط 2: نموذج طائرة هليكوبتر كهربائية"
  },
  "description": {
    "en": "Build an electric helicopter model using used bottles. The model doesn't fly but spins its blades when the motor is powered.",
    "ar": "قم بصنع نموذج طائرة هليكوبتر كهربائية باستخدام زجاجات مستعملة، النموذج لا يطير ولكن يمكنك تشغيل الدوّارات عند تشغيل المحرك الصغير."
  },
  "image": "https://res.cloudinary.com/dwg9hjzok/image/upload/v1738011014/helicopter_model_uayi8a.png",
  "source": "https://www.youtube.com/watch?v=E4XxTj4hzgg"
}]