[{
  "_id": {
    "$oid": "667aced50339c619b07f916c"
  },
  "id": null,
  "user_id": "667aced50339c619b07f916b",
  "location": "",
  "job": "",
  "children": [
    "669ccaa91029bf18c547b8bb",
    "66cf99a9bd4175f28ce29072"
  ]
},
{
  "_id": {
    "$oid": "667ad75c0339c619b07f916f"
  },
  "id": null,
  "user_id": "667ad75c0339c619b07f916e",
  "location": "",
  "job": "",
  "children": [
    "667ad80c0339c619b07f9170"
  ]
},
{
  "_id": {
    "$oid": "667ca3450ee58143f035a726"
  },
  "id": null,
  "user_id": "667ca3450ee58143f035a725",
  "location": "",
  "job": "",
  "children": [
    "66ca0edc5237c8c32547f5cc"
  ]
},
{
  "_id": {
    "$oid": "668e7b293ec32768df735c45"
  },
  "id": null,
  "user_id": "668e7b293ec32768df735c44",
  "location": "",
  "job": "",
  "children": []
},
{
  "_id": {
    "$oid": "669367763ec32768df735c47"
  },
  "id": null,
  "user_id": "669367763ec32768df735c46",
  "location": "",
  "job": "",
  "children": []
},
{
  "_id": {
    "$oid": "66952aeb3ec32768df735c49"
  },
  "id": null,
  "user_id": "66952aeb3ec32768df735c48",
  "location": "",
  "job": "",
  "children": []
},
{
  "_id": {
    "$oid": "6699a6113ec32768df735c4b"
  },
  "id": null,
  "user_id": "6699a6113ec32768df735c4a",
  "location": "",
  "job": "",
  "children": [
    "6699aaaf3ec32768df735c4c"
  ]
},
{
  "_id": {
    "$oid": "66a2075e1029bf18c547b8bf"
  },
  "id": null,
  "user_id": "66a2075e1029bf18c547b8be",
  "location": "",
  "job": "",
  "children": [
    "66a207cb1029bf18c547b8c0",
    "66a228e11029bf18c547b8c5"
  ]
},
{
  "_id": {
    "$oid": "66a3b9ea1029bf18c547b8c8"
  },
  "id": null,
  "user_id": "66a3b9ea1029bf18c547b8c7",
  "location": "",
  "job": "",
  "children": [
    "66a3ba921029bf18c547b8c9",
    "66a3bafd1029bf18c547b8cb"
  ]
},
{
  "_id": {
    "$oid": "66ae3d951029bf18c547b8d0"
  },
  "id": null,
  "user_id": "66ae3d951029bf18c547b8cf",
  "location": "",
  "job": "",
  "children": []
},
{
  "_id": {
    "$oid": "66b9e86564f330bc9744dfd6"
  },
  "id": null,
  "user_id": "66b9e86564f330bc9744dfd5",
  "location": "",
  "job": "",
  "children": []
},
{
  "_id": {
    "$oid": "66b9e89e64f330bc9744dfd8"
  },
  "id": null,
  "user_id": "66b9e89e64f330bc9744dfd7",
  "location": "",
  "job": "",
  "children": [
    "66b9eb1664f330bc9744dfd9",
    "66bda26bba776abc9755f6ef",
    "66bda2a3ba776abc9755f6f1",
    "6741ead8b38ad2406b2b2ff1",
    "6741eb25b38ad2406b2b2ff3",
    "676aab542ed778f6f17fafcd",
    "676aac512ed778f6f17fafcf",
    "6772e286ba68816448653b40",
    "6772edb2ba68816448653b42",
    "67b9a1602d218a3cae20ea28"
  ]
},
{
  "_id": {
    "$oid": "66ba0f1e64f330bc9744dfdf"
  },
  "id": null,
  "user_id": "66ba0f1e64f330bc9744dfde",
  "location": "",
  "job": "",
  "children": [
    "66ba0f8664f330bc9744dfe0",
    "66ba0fbe64f330bc9744dfe2",
    "66ba0fe364f330bc9744dfe4"
  ]
},
{
  "_id": {
    "$oid": "66ba46e164f330bc9744dfe7"
  },
  "id": null,
  "user_id": "66ba46e164f330bc9744dfe6",
  "location": "",
  "job": "",
  "children": [
    "66ba472464f330bc9744dfe8"
  ]
},
{
  "_id": {
    "$oid": "66bf9509ba776abc9755f6f4"
  },
  "id": null,
  "user_id": "66bf9509ba776abc9755f6f3",
  "location": "",
  "job": "",
  "children": [
    "66bf95d8ba776abc9755f6f5",
    "66bf976cba776abc9755f6f7"
  ]
},
{
  "_id": {
    "$oid": "66c37c0e2837dfec71ac0b88"
  },
  "id": null,
  "user_id": "66c37c0e2837dfec71ac0b87",
  "location": "",
  "job": "",
  "children": [
    "66c37ca62837dfec71ac0b89"
  ]
},
{
  "_id": {
    "$oid": "66c47ac85237c8c32547f5a2"
  },
  "id": null,
  "user_id": "66c47ac85237c8c32547f5a1",
  "location": "فيصل الجيزة",
  "job": "مهندسه معمار",
  "children": [
    "66c484725237c8c32547f5a3"
  ]
},
{
  "_id": {
    "$oid": "66c488405237c8c32547f5a6"
  },
  "id": null,
  "user_id": "66c488405237c8c32547f5a5",
  "location": "Obour City",
  "job": "University Associate Professor",
  "children": [
    "66c488975237c8c32547f5a7",
    "66cca6965237c8c32547f5dd"
  ]
},
{
  "_id": {
    "$oid": "66c496005237c8c32547f5ac"
  },
  "id": null,
  "user_id": "66c496005237c8c32547f5ab",
  "location": "",
  "job": "",
  "children": []
},
{
  "_id": {
    "$oid": "66c4cf1c5237c8c32547f5ae"
  },
  "id": null,
  "user_id": "66c4cf1c5237c8c32547f5ad",
  "location": "",
  "job": "",
  "children": []
},
{
  "_id": {
    "$oid": "66c4f5025237c8c32547f5b0"
  },
  "id": null,
  "user_id": "66c4f5025237c8c32547f5af",
  "location": "",
  "job": "",
  "children": [
    "66c4f6655237c8c32547f5b1"
  ]
},
{
  "_id": {
    "$oid": "66c4f83e5237c8c32547f5b5"
  },
  "id": null,
  "user_id": "66c4f83e5237c8c32547f5b4",
  "location": "",
  "job": "",
  "children": []
},
{
  "_id": {
    "$oid": "66c4f8ba5237c8c32547f5b7"
  },
  "id": null,
  "user_id": "66c4f8ba5237c8c32547f5b6",
  "location": "",
  "job": "",
  "children": []
},
{
  "_id": {
    "$oid": "66c4fea65237c8c32547f5b9"
  },
  "id": null,
  "user_id": "66c4fea65237c8c32547f5b8",
  "location": "",
  "job": "",
  "children": [
    "66ca60cc5237c8c32547f5d6"
  ]
},
{
  "_id": {
    "$oid": "66c517195237c8c32547f5bb"
  },
  "id": null,
  "user_id": "66c517195237c8c32547f5ba",
  "location": "",
  "job": "",
  "children": []
},
{
  "_id": {
    "$oid": "66c637fe5237c8c32547f5bd"
  },
  "id": null,
  "user_id": "66c637fe5237c8c32547f5bc",
  "location": "",
  "job": "",
  "children": []
},
{
  "_id": {
    "$oid": "66c725425237c8c32547f5bf"
  },
  "id": null,
  "user_id": "66c725425237c8c32547f5be",
  "location": "",
  "job": "",
  "children": [
    "66c726c65237c8c32547f5c0",
    "66c738e65237c8c32547f5c5"
  ]
},
{
  "_id": {
    "$oid": "66c729cc5237c8c32547f5c3"
  },
  "id": null,
  "user_id": "66c729cc5237c8c32547f5c2",
  "location": "",
  "job": "",
  "children": []
},
{
  "_id": {
    "$oid": "66c884265237c8c32547f5c9"
  },
  "id": null,
  "user_id": "66c884265237c8c32547f5c8",
  "location": "",
  "job": "",
  "children": []
},
{
  "_id": {
    "$oid": "66c9e03e5237c8c32547f5cb"
  },
  "id": null,
  "user_id": "66c9e03e5237c8c32547f5ca",
  "location": "",
  "job": "",
  "children": []
},
{
  "_id": {
    "$oid": "66ca11dc5237c8c32547f5d0"
  },
  "id": null,
  "user_id": "66ca11dc5237c8c32547f5cf",
  "location": "",
  "job": "",
  "children": []
},
{
  "_id": {
    "$oid": "66ca2a975237c8c32547f5d3"
  },
  "id": null,
  "user_id": "66ca2a975237c8c32547f5d2",
  "location": "",
  "job": "",
  "children": [
    "66ca2b0c5237c8c32547f5d4"
  ]
},
{
  "_id": {
    "$oid": "66cb4b2f5237c8c32547f5da"
  },
  "id": null,
  "user_id": "66cb4b2f5237c8c32547f5d9",
  "location": "",
  "job": "",
  "children": []
},
{
  "_id": {
    "$oid": "66cdcb7d5237c8c32547f5e0"
  },
  "id": null,
  "user_id": "66cdcb7d5237c8c32547f5df",
  "location": "",
  "job": "",
  "children": []
},
{
  "_id": {
    "$oid": "66cec97420119cf26404cbe3"
  },
  "id": null,
  "user_id": "66cec97420119cf26404cbe2",
  "location": "",
  "job": "",
  "children": []
},
{
  "_id": {
    "$oid": "66cec9b820119cf26404cbe5"
  },
  "id": null,
  "user_id": "66cec9b820119cf26404cbe4",
  "location": "",
  "job": "NA",
  "children": [
    "66cf543cee37e04aaef90832"
  ]
},
{
  "_id": {
    "$oid": "66ced9a87c92040d96b2fc39"
  },
  "id": null,
  "user_id": "66ced9a87c92040d96b2fc38",
  "location": "",
  "job": "",
  "children": []
},
{
  "_id": {
    "$oid": "66cf5411ee37e04aaef90831"
  },
  "id": null,
  "user_id": "66cf5411ee37e04aaef90830",
  "location": "",
  "job": "",
  "children": []
},
{
  "_id": {
    "$oid": "66cf5530098657ea01d7314f"
  },
  "id": null,
  "user_id": "66cf5530098657ea01d7314e",
  "location": "",
  "job": "",
  "children": [
    "66cf57d2bd4175f28ce2906d",
    "66cf5976bd4175f28ce2906f"
  ]
},
{
  "_id": {
    "$oid": "66d05168bd4175f28ce29075"
  },
  "id": null,
  "user_id": "66d05168bd4175f28ce29074",
  "location": "",
  "job": "",
  "children": []
},
{
  "_id": {
    "$oid": "66d45730bd4175f28ce29078"
  },
  "id": null,
  "user_id": "66d45730bd4175f28ce29077",
  "location": "",
  "job": "",
  "children": []
},
{
  "_id": {
    "$oid": "6752506eb38ad2406b2b2ff8"
  },
  "id": null,
  "user_id": "6752506eb38ad2406b2b2ff7",
  "location": "",
  "job": "",
  "children": []
},
{
  "_id": {
    "$oid": "676576bab38ad2406b2b2ffa"
  },
  "id": null,
  "user_id": "676576bab38ad2406b2b2ff9",
  "location": "Cairo",
  "job": "",
  "children": []
},
{
  "_id": {
    "$oid": "6766ae80431c945485b3b9ae"
  },
  "id": null,
  "user_id": "6766ae80431c945485b3b9ad",
  "location": "",
  "job": "",
  "children": [
    "6766aeae431c945485b3b9af",
    "6766b0fa431c945485b3b9b2",
    "6766b25b431c945485b3b9b5",
    "6766b34f431c945485b3b9b8",
    "6766b376431c945485b3b9ba",
    "6766b3b8431c945485b3b9bc",
    "67683d47431c945485b3b9bf",
    "676aaf2c2ed778f6f17fafd1",
    "676ab00b2ed778f6f17fafd3",
    "676c1d292ed778f6f17fafda",
    "676c1d822ed778f6f17fafdc",
    "677e5d2beda2d8a7291b71d2",
    "677e5d77eda2d8a7291b71d4",
    "677e5db3eda2d8a7291b71d6",
    "677ecbbbd04aec23afdc4e8c",
    "677ecfd7d04aec23afdc4e8f",
    "677ed054d04aec23afdc4e91",
    "678d4a77ad5ad76d9f8829a8"
  ]
},
{
  "_id": {
    "$oid": "676f8ec4110a21bdf1ae06f2"
  },
  "id": null,
  "user_id": "676f8ec4110a21bdf1ae06f1",
  "location": "PO BOX 25 Muscat Grand Mall",
  "job": "Consultant ",
  "children": []
},
{
  "_id": {
    "$oid": "67923be4f76041d726610186"
  },
  "id": null,
  "user_id": "67923be4f76041d726610185",
  "location": "المنصوره حي الجامعه ",
  "job": "دكتور ",
  "children": []
},
{
  "_id": {
    "$oid": "6793c36df76041d726610188"
  },
  "id": null,
  "user_id": "6793c36df76041d726610187",
  "location": "Cairo",
  "job": "",
  "children": [
    "6793c664f76041d726610189"
  ]
},
{
  "_id": {
    "$oid": "6795539b1b22575e31b57950"
  },
  "id": null,
  "user_id": "6795539b1b22575e31b5794f",
  "location": "لمب",
  "job": "لمى",
  "children": [
    "67955ab81b22575e31b57951"
  ]
},
{
  "_id": {
    "$oid": "6796988cce1cae45f218486e"
  },
  "id": null,
  "user_id": "6796988cce1cae45f218486d",
  "location": "",
  "job": "",
  "children": [
    "679698a4ce1cae45f218486f"
  ]
},
{
  "_id": {
    "$oid": "6796a329ce1cae45f2184873"
  },
  "id": null,
  "user_id": "6796a329ce1cae45f2184872",
  "location": "",
  "job": "",
  "children": [
    "6796a373ce1cae45f2184874"
  ]
},
{
  "_id": {
    "$oid": "67ab3821cabf5cd21bd1026e"
  },
  "id": null,
  "user_id": "67ab3821cabf5cd21bd1026d",
  "location": "",
  "job": "",
  "children": []
},
{
  "_id": {
    "$oid": "67b272aa683943ce338501de"
  },
  "id": null,
  "user_id": "67b272aa683943ce338501dd",
  "location": "",
  "job": "",
  "children": []
},
{
  "_id": {
    "$oid": "67c4619771ecaba6bdb22b05"
  },
  "id": null,
  "user_id": "67c4619771ecaba6bdb22b04",
  "location": "",
  "job": "",
  "children": []
},
{
  "_id": {
    "$oid": "67d72ee858f96732c381eee1"
  },
  "id": null,
  "user_id": "67d72ee858f96732c381eee0",
  "location": "",
  "job": "",
  "children": []
},
{
  "_id": {
    "$oid": "67dfed551a1425b1a2cd7d5a"
  },
  "id": null,
  "user_id": "67dfed551a1425b1a2cd7d59",
  "location": "",
  "job": "",
  "children": [
    "67dfedb81a1425b1a2cd7d5b"
  ]
},
{
  "_id": {
    "$oid": "67e7d588bf51c32a08be1f14"
  },
  "id": null,
  "user_id": "67e7d588bf51c32a08be1f13",
  "location": "",
  "job": "",
  "children": []
},
{
  "_id": {
    "$oid": "67f38c3f468ab960b5d41ff0"
  },
  "id": null,
  "user_id": "67f38c3f468ab960b5d41fef",
  "location": "",
  "job": "",
  "children": []
},
{
  "_id": {
    "$oid": "67f3d221468ab960b5d41ff7"
  },
  "id": null,
  "user_id": "67f3d221468ab960b5d41ff6",
  "location": "",
  "job": "",
  "children": [
    "67f3d29b468ab960b5d41ff8"
  ]
},
{
  "_id": {
    "$oid": "67f53f88468ab960b5d4200a"
  },
  "id": null,
  "user_id": "67f53f88468ab960b5d42009",
  "location": "",
  "job": "",
  "children": [
    "67f5400e468ab960b5d4200b"
  ]
},
{
  "_id": {
    "$oid": "67f54f5c468ab960b5d4200e"
  },
  "id": null,
  "user_id": "67f54f5c468ab960b5d4200d",
  "location": "",
  "job": "",
  "children": [
    "67f54fb5468ab960b5d4200f"
  ]
},
{
  "_id": {
    "$oid": "67f56188468ab960b5d42013"
  },
  "id": null,
  "user_id": "67f56188468ab960b5d42012",
  "location": "",
  "job": "",
  "children": []
},
{
  "_id": {
    "$oid": "67f5857c468ab960b5d42015"
  },
  "id": null,
  "user_id": "67f5857c468ab960b5d42014",
  "location": "",
  "job": "",
  "children": []
},
{
  "_id": {
    "$oid": "67f66fbe468ab960b5d4201d"
  },
  "id": null,
  "user_id": "67f66fbe468ab960b5d4201c",
  "location": "",
  "job": "",
  "children": []
},
{
  "_id": {
    "$oid": "67f776a0e3c854070a96ca15"
  },
  "id": null,
  "user_id": "67f776a0e3c854070a96ca14",
  "location": "",
  "job": "",
  "children": []
},
{
  "_id": {
    "$oid": "67f7ac2fe3c854070a96ca29"
  },
  "id": null,
  "user_id": "67f7ac2fe3c854070a96ca28",
  "location": "",
  "job": "",
  "children": [
    "67f920b0e3c854070a96ca3c"
  ]
},
{
  "_id": {
    "$oid": "67f7f468e3c854070a96ca35"
  },
  "id": null,
  "user_id": "67f7f468e3c854070a96ca34",
  "location": "",
  "job": "",
  "children": []
},
{
  "_id": {
    "$oid": "67f92652e3c854070a96ca3f"
  },
  "id": null,
  "user_id": "67f92652e3c854070a96ca3e",
  "location": "",
  "job": "",
  "children": []
},
{
  "_id": {
    "$oid": "67f957efe3c854070a96ca41"
  },
  "id": null,
  "user_id": "67f957efe3c854070a96ca40",
  "location": "",
  "job": "",
  "children": [
    "67f9589de3c854070a96ca42"
  ]
},
{
  "_id": {
    "$oid": "67f9f74de3c854070a96ca47"
  },
  "id": null,
  "user_id": "67f9f74de3c854070a96ca46",
  "location": "",
  "job": "",
  "children": [
    "67f9f7dde3c854070a96ca48"
  ]
},
{
  "_id": {
    "$oid": "6805ca1bb40e8e6328839e8a"
  },
  "id": null,
  "user_id": "6805ca1bb40e8e6328839e89",
  "location": "",
  "job": "",
  "children": [
    "6805ca80b40e8e6328839e8b"
  ]
},
{
  "_id": {
    "$oid": "6808c90281f9e15aa3d47f27"
  },
  "id": null,
  "user_id": "6808c90181f9e15aa3d47f26",
  "location": "",
  "job": "",
  "children": []
}]